Hedef Sayfa;Anahtar Kelime Tipi;Önerilen Çapa Metin (Anchor Text);Öncelik;Önerilen Platform/Kanal
https://www.tckilaclama.com;Brand (Marka);TCK İlaçlama;Yüksek;Yerel Haber / Premium Tanıtım Yazısı
https://www.tckilaclama.com;Brand (Marka);tckilaclama.com;Yüksek;Yerel Haber / Premium Tanıtım Yazısı
https://www.tckilaclama.com;Brand (Marka);TCK İlaçlama İstanbul;Yüksek;Yerel Haber / Premium Tanıtım Yazısı
https://www.tckilaclama.com;Brand (Marka);www.tckilaclama.com;Yüksek;Yerel Haber / Premium Tanıtım Yazısı
https://www.tckilaclama.com;Generic (Genel);web sitesi;Orta;Web 2.0 / Blog Yorumları
https://www.tckilaclama.com;Generic (Genel);tıkla;Orta;Web 2.0 / Blog Yorumları
https://www.tckilaclama.com;Generic (Genel);buradan ulaşın;Orta;Web 2.0 / Blog Yorumları
https://www.tckilaclama.com/hizmet/istanbul-kadikoy-bocek-ilaclama;Brand (Marka);tckilaclama.com;Orta;Medium / Substack (Tier 2)
https://www.tckilaclama.com/hizmet/istanbul-kadikoy-bocek-ilaclama;Generic (Genel);kaynak;Düşük;Forum Tanıtım / Profil Linkleri
https://www.tckilaclama.com/hizmet/istanbul-kadikoy-bocek-ilaclama;LSI (Semantik);Kadıköy bölgesi böcek ilaçlama firmaları;Yüksek;Niche Blog Yazıları
https://www.tckilaclama.com/hizmet/istanbul-kadikoy-bocek-ilaclama;Exact Match (Tam Eşleşme);Kadıköy böcek ilaçlama;Kritik;Parasite SEO / Ana Tanıtım Yazıları
https://www.tckilaclama.com/hizmet/istanbul-kadikoy-fare-ilaclama;Brand (Marka);tckilaclama.com;Orta;Medium / Substack (Tier 2)
https://www.tckilaclama.com/hizmet/istanbul-kadikoy-fare-ilaclama;Generic (Genel);web sitesi;Düşük;Forum Tanıtım / Profil Linkleri
https://www.tckilaclama.com/hizmet/istanbul-kadikoy-fare-ilaclama;LSI (Semantik);Kadıköy bölgesi fare ilaçlama firmaları;Yüksek;Niche Blog Yazıları
https://www.tckilaclama.com/hizmet/istanbul-kadikoy-fare-ilaclama;Exact Match (Tam Eşleşme);istanbul Kadıköy fare ilaçlama;Kritik;Parasite SEO / Ana Tanıtım Yazıları
https://www.tckilaclama.com/hizmet/istanbul-kadikoy-pire-ilaclama;Brand (Marka);TCK İlaçlama;Orta;Medium / Substack (Tier 2)
https://www.tckilaclama.com/hizmet/istanbul-kadikoy-pire-ilaclama;Generic (Genel);tıkla;Düşük;Forum Tanıtım / Profil Linkleri
https://www.tckilaclama.com/hizmet/istanbul-kadikoy-pire-ilaclama;LSI (Semantik);istanbul Kadıköy pire ilaçlama hizmeti;Yüksek;Niche Blog Yazıları
https://www.tckilaclama.com/hizmet/istanbul-kadikoy-pire-ilaclama;Exact Match (Tam Eşleşme);Kadıköy pire ilaçlama;Kritik;Parasite SEO / Ana Tanıtım Yazıları
https://www.tckilaclama.com/hizmet/istanbul-sisli-bocek-ilaclama;Brand (Marka);TCK İlaçlama Şişli;Orta;Medium / Substack (Tier 2)
https://www.tckilaclama.com/hizmet/istanbul-sisli-bocek-ilaclama;Generic (Genel);tıkla;Düşük;Forum Tanıtım / Profil Linkleri
https://www.tckilaclama.com/hizmet/istanbul-sisli-bocek-ilaclama;LSI (Semantik);istanbul Şişli böcek ilaçlama hizmeti;Yüksek;Niche Blog Yazıları
https://www.tckilaclama.com/hizmet/istanbul-sisli-bocek-ilaclama;Exact Match (Tam Eşleşme);Şişli böcek ilaçlama;Kritik;Parasite SEO / Ana Tanıtım Yazıları
https://www.tckilaclama.com/hizmet/istanbul-sisli-fare-ilaclama;Brand (Marka);www.tckilaclama.com;Orta;Medium / Substack (Tier 2)
https://www.tckilaclama.com/hizmet/istanbul-sisli-fare-ilaclama;Generic (Genel);buradan ulaşın;Düşük;Forum Tanıtım / Profil Linkleri
https://www.tckilaclama.com/hizmet/istanbul-sisli-fare-ilaclama;LSI (Semantik);Şişli haşere kontrol çözümleri;Yüksek;Niche Blog Yazıları
https://www.tckilaclama.com/hizmet/istanbul-sisli-fare-ilaclama;Exact Match (Tam Eşleşme);istanbul Şişli fare ilaçlama;Kritik;Parasite SEO / Ana Tanıtım Yazıları
https://www.tckilaclama.com/hizmet/istanbul-sisli-pire-ilaclama;Brand (Marka);TCK İlaçlama Şişli;Orta;Medium / Substack (Tier 2)
https://www.tckilaclama.com/hizmet/istanbul-sisli-pire-ilaclama;Generic (Genel);web sitesi;Düşük;Forum Tanıtım / Profil Linkleri
https://www.tckilaclama.com/hizmet/istanbul-sisli-pire-ilaclama;LSI (Semantik);istanbul Şişli pire ilaçlama hizmeti;Yüksek;Niche Blog Yazıları
https://www.tckilaclama.com/hizmet/istanbul-sisli-pire-ilaclama;Exact Match (Tam Eşleşme);istanbul Şişli pire ilaçlama;Kritik;Parasite SEO / Ana Tanıtım Yazıları
https://www.tckilaclama.com/hizmet/istanbul-besiktas-bocek-ilaclama;Brand (Marka);TCK İlaçlama Beşiktaş;Orta;Medium / Substack (Tier 2)
https://www.tckilaclama.com/hizmet/istanbul-besiktas-bocek-ilaclama;Generic (Genel);web sitesi;Düşük;Forum Tanıtım / Profil Linkleri
https://www.tckilaclama.com/hizmet/istanbul-besiktas-bocek-ilaclama;LSI (Semantik);Beşiktaş bölgesi böcek ilaçlama firmaları;Yüksek;Niche Blog Yazıları
https://www.tckilaclama.com/hizmet/istanbul-besiktas-bocek-ilaclama;Exact Match (Tam Eşleşme);Beşiktaş böcek ilaçlama;Kritik;Parasite SEO / Ana Tanıtım Yazıları
https://www.tckilaclama.com/hizmet/istanbul-besiktas-fare-ilaclama;Brand (Marka);www.tckilaclama.com;Orta;Medium / Substack (Tier 2)
https://www.tckilaclama.com/hizmet/istanbul-besiktas-fare-ilaclama;Generic (Genel);web sitesi;Düşük;Forum Tanıtım / Profil Linkleri
https://www.tckilaclama.com/hizmet/istanbul-besiktas-fare-ilaclama;LSI (Semantik);istanbul Beşiktaş fare ilaçlama hizmeti;Yüksek;Niche Blog Yazıları
https://www.tckilaclama.com/hizmet/istanbul-besiktas-fare-ilaclama;Exact Match (Tam Eşleşme);istanbul Beşiktaş fare ilaçlama;Kritik;Parasite SEO / Ana Tanıtım Yazıları
https://www.tckilaclama.com/hizmet/istanbul-besiktas-pire-ilaclama;Brand (Marka);tckilaclama.com;Orta;Medium / Substack (Tier 2)
https://www.tckilaclama.com/hizmet/istanbul-besiktas-pire-ilaclama;Generic (Genel);buradan ulaşın;Düşük;Forum Tanıtım / Profil Linkleri
https://www.tckilaclama.com/hizmet/istanbul-besiktas-pire-ilaclama;LSI (Semantik);Beşiktaş haşere kontrol çözümleri;Yüksek;Niche Blog Yazıları
https://www.tckilaclama.com/hizmet/istanbul-besiktas-pire-ilaclama;Exact Match (Tam Eşleşme);Beşiktaş pire ilaçlama;Kritik;Parasite SEO / Ana Tanıtım Yazıları
https://www.tckilaclama.com/hizmet/istanbul-bakirkoy-bocek-ilaclama;Brand (Marka);www.tckilaclama.com;Orta;Medium / Substack (Tier 2)
https://www.tckilaclama.com/hizmet/istanbul-bakirkoy-bocek-ilaclama;Generic (Genel);detaylar için;Düşük;Forum Tanıtım / Profil Linkleri
https://www.tckilaclama.com/hizmet/istanbul-bakirkoy-bocek-ilaclama;LSI (Semantik);Bakırköy haşere kontrol çözümleri;Yüksek;Niche Blog Yazıları
https://www.tckilaclama.com/hizmet/istanbul-bakirkoy-bocek-ilaclama;Exact Match (Tam Eşleşme);istanbul Bakırköy böcek ilaçlama;Kritik;Parasite SEO / Ana Tanıtım Yazıları
https://www.tckilaclama.com/hizmet/istanbul-bakirkoy-fare-ilaclama;Brand (Marka);www.tckilaclama.com;Orta;Medium / Substack (Tier 2)
https://www.tckilaclama.com/hizmet/istanbul-bakirkoy-fare-ilaclama;Generic (Genel);buradan ulaşın;Düşük;Forum Tanıtım / Profil Linkleri
https://www.tckilaclama.com/hizmet/istanbul-bakirkoy-fare-ilaclama;LSI (Semantik);Bakırköy haşere kontrol çözümleri;Yüksek;Niche Blog Yazıları
https://www.tckilaclama.com/hizmet/istanbul-bakirkoy-fare-ilaclama;Exact Match (Tam Eşleşme);Bakırköy fare ilaçlama;Kritik;Parasite SEO / Ana Tanıtım Yazıları
https://www.tckilaclama.com/hizmet/istanbul-bakirkoy-pire-ilaclama;Brand (Marka);tckilaclama.com;Orta;Medium / Substack (Tier 2)
https://www.tckilaclama.com/hizmet/istanbul-bakirkoy-pire-ilaclama;Generic (Genel);detaylar için;Düşük;Forum Tanıtım / Profil Linkleri
https://www.tckilaclama.com/hizmet/istanbul-bakirkoy-pire-ilaclama;LSI (Semantik);Bakırköy haşere kontrol çözümleri;Yüksek;Niche Blog Yazıları
https://www.tckilaclama.com/hizmet/istanbul-bakirkoy-pire-ilaclama;Exact Match (Tam Eşleşme);istanbul Bakırköy pire ilaçlama;Kritik;Parasite SEO / Ana Tanıtım Yazıları
https://www.tckilaclama.com/hizmet/istanbul-pendik-bocek-ilaclama;Brand (Marka);www.tckilaclama.com;Orta;Medium / Substack (Tier 2)
https://www.tckilaclama.com/hizmet/istanbul-pendik-bocek-ilaclama;Generic (Genel);web sitesi;Düşük;Forum Tanıtım / Profil Linkleri
https://www.tckilaclama.com/hizmet/istanbul-pendik-bocek-ilaclama;LSI (Semantik);Pendik haşere kontrol çözümleri;Yüksek;Niche Blog Yazıları
https://www.tckilaclama.com/hizmet/istanbul-pendik-bocek-ilaclama;Exact Match (Tam Eşleşme);istanbul Pendik böcek ilaçlama;Kritik;Parasite SEO / Ana Tanıtım Yazıları
https://www.tckilaclama.com/hizmet/istanbul-pendik-fare-ilaclama;Brand (Marka);TCK İlaçlama Pendik;Orta;Medium / Substack (Tier 2)
https://www.tckilaclama.com/hizmet/istanbul-pendik-fare-ilaclama;Generic (Genel);web sitesi;Düşük;Forum Tanıtım / Profil Linkleri
https://www.tckilaclama.com/hizmet/istanbul-pendik-fare-ilaclama;LSI (Semantik);Pendik bölgesi fare ilaçlama firmaları;Yüksek;Niche Blog Yazıları
https://www.tckilaclama.com/hizmet/istanbul-pendik-fare-ilaclama;Exact Match (Tam Eşleşme);istanbul Pendik fare ilaçlama;Kritik;Parasite SEO / Ana Tanıtım Yazıları
https://www.tckilaclama.com/hizmet/istanbul-pendik-pire-ilaclama;Brand (Marka);www.tckilaclama.com;Orta;Medium / Substack (Tier 2)
https://www.tckilaclama.com/hizmet/istanbul-pendik-pire-ilaclama;Generic (Genel);tıkla;Düşük;Forum Tanıtım / Profil Linkleri
https://www.tckilaclama.com/hizmet/istanbul-pendik-pire-ilaclama;LSI (Semantik);istanbul Pendik pire ilaçlama hizmeti;Yüksek;Niche Blog Yazıları
https://www.tckilaclama.com/hizmet/istanbul-pendik-pire-ilaclama;Exact Match (Tam Eşleşme);Pendik pire ilaçlama;Kritik;Parasite SEO / Ana Tanıtım Yazıları
https://www.tckilaclama.com/hizmet/istanbul-uskudar-bocek-ilaclama;Brand (Marka);TCK İlaçlama;Orta;Medium / Substack (Tier 2)
https://www.tckilaclama.com/hizmet/istanbul-uskudar-bocek-ilaclama;Generic (Genel);web adresi;Düşük;Forum Tanıtım / Profil Linkleri
https://www.tckilaclama.com/hizmet/istanbul-uskudar-bocek-ilaclama;LSI (Semantik);Üsküdar bölgesi böcek ilaçlama firmaları;Yüksek;Niche Blog Yazıları
https://www.tckilaclama.com/hizmet/istanbul-uskudar-bocek-ilaclama;Exact Match (Tam Eşleşme);istanbul Üsküdar böcek ilaçlama;Kritik;Parasite SEO / Ana Tanıtım Yazıları
https://www.tckilaclama.com/hizmet/istanbul-uskudar-fare-ilaclama;Brand (Marka);tckilaclama.com;Orta;Medium / Substack (Tier 2)
https://www.tckilaclama.com/hizmet/istanbul-uskudar-fare-ilaclama;Generic (Genel);kaynak;Düşük;Forum Tanıtım / Profil Linkleri
https://www.tckilaclama.com/hizmet/istanbul-uskudar-fare-ilaclama;LSI (Semantik);Üsküdar bölgesi fare ilaçlama firmaları;Yüksek;Niche Blog Yazıları
https://www.tckilaclama.com/hizmet/istanbul-uskudar-fare-ilaclama;Exact Match (Tam Eşleşme);istanbul Üsküdar fare ilaçlama;Kritik;Parasite SEO / Ana Tanıtım Yazıları
https://www.tckilaclama.com/hizmet/istanbul-uskudar-pire-ilaclama;Brand (Marka);TCK İlaçlama;Orta;Medium / Substack (Tier 2)
https://www.tckilaclama.com/hizmet/istanbul-uskudar-pire-ilaclama;Generic (Genel);kaynak;Düşük;Forum Tanıtım / Profil Linkleri
https://www.tckilaclama.com/hizmet/istanbul-uskudar-pire-ilaclama;LSI (Semantik);Üsküdar haşere kontrol çözümleri;Yüksek;Niche Blog Yazıları
https://www.tckilaclama.com/hizmet/istanbul-uskudar-pire-ilaclama;Exact Match (Tam Eşleşme);Üsküdar pire ilaçlama;Kritik;Parasite SEO / Ana Tanıtım Yazıları